"hexagon_id","geom_wkt"
1,"POLYGON((-10000 311769.1453623979,-5000 303108.8913245535,5000 303108.8913245535,10000 311769.1453623979,5000 320429.3994002423,-5000 320429.3994002423,-10000 311769.1453623979))"
2,"POLYGON((-10000 329089.6534380867,-5000 320429.3994002423,5000 320429.3994002423,10000 329089.6534380867,5000 337749.90747593105,-5000 337749.90747593105,-10000 329089.6534380867))"
3,"POLYGON((-10000 346410.16151377547,-5000 337749.90747593105,5000 337749.90747593105,10000 346410.16151377547,5000 355070.41555161984,-5000 355070.41555161984,-10000 346410.16151377547))"
4,"POLYGON((-10000 363730.6695894642,-5000 355070.41555161984,5000 355070.41555161984,10000 363730.6695894642,5000 372390.9236273086,-5000 372390.9236273086,-10000 363730.6695894642))"
5,"POLYGON((-10000 381051.177665153,-5000 372390.9236273086,5000 372390.9236273086,10000 381051.177665153,5000 389711.43170299736,-5000 389711.43170299736,-10000 381051.177665153))"
6,"POLYGON((-10000 398371.6857408418,-5000 389711.43170299736,5000 389711.43170299736,10000 398371.6857408418,5000 407031.93977868615,-5000 407031.93977868615,-10000 398371.6857408418))"
7,"POLYGON((-10000 415692.1938165305,-5000 407031.93977868615,5000 407031.93977868615,10000 415692.1938165305,5000 424352.44785437494,-5000 424352.44785437494,-10000 415692.1938165305))"
8,"POLYGON((-10000 433012.7018922193,-5000 424352.44785437494,5000 424352.44785437494,10000 433012.7018922193,5000 441672.95593006373,-5000 441672.95593006373,-10000 433012.7018922193))"
9,"POLYGON((-10000 450333.2099679081,-5000 441672.95593006373,5000 441672.95593006373,10000 450333.2099679081,5000 458993.46400575247,-5000 458993.46400575247,-10000 450333.2099679081))"
10,"POLYGON((-10000 467653.7180435969,-5000 458993.46400575247,5000 458993.46400575247,10000 467653.7180435969,5000 476313.97208144126,-5000 476313.97208144126,-10000 467653.7180435969))"
11,"POLYGON((-10000 484974.2261192856,-5000 476313.97208144126,5000 476313.97208144126,10000 484974.2261192856,5000 493634.48015713005,-5000 493634.48015713005,-10000 484974.2261192856))"
12,"POLYGON((-10000 502294.7341949744,-5000 493634.48015713005,5000 493634.48015713005,10000 502294.7341949744,5000 510954.9882328188,-5000 510954.9882328188,-10000 502294.7341949744))"
13,"POLYGON((-10000 519615.2422706632,-5000 510954.9882328188,5000 510954.9882328188,10000 519615.2422706632,5000 528275.4963085075,-5000 528275.4963085075,-10000 519615.2422706632))"
14,"POLYGON((-10000 536935.750346352,-5000 528275.4963085075,5000 528275.4963085075,10000 536935.750346352,5000 545596.0043841964,-5000 545596.0043841964,-10000 536935.750346352))"
15,"POLYGON((-10000 554256.2584220407,-5000 545596.0043841964,5000 545596.0043841964,10000 554256.2584220407,5000 562916.5124598851,-5000 562916.5124598851,-10000 554256.2584220407))"
16,"POLYGON((-10000 571576.7664977295,-5000 562916.5124598851,5000 562916.5124598851,10000 571576.7664977295,5000 580237.020535574,-5000 580237.020535574,-10000 571576.7664977295))"
17,"POLYGON((-10000 588897.2745734183,-5000 580237.020535574,5000 580237.020535574,10000 588897.2745734183,5000 597557.5286112627,-5000 597557.5286112627,-10000 588897.2745734183))"
18,"POLYGON((-10000 606217.782649107,-5000 597557.5286112627,5000 597557.5286112627,10000 606217.782649107,5000 614878.0366869514,-5000 614878.0366869514,-10000 606217.782649107))"
19,"POLYGON((-10000 623538.2907247958,-5000 614878.0366869514,5000 614878.0366869514,10000 623538.2907247958,5000 632198.5447626403,-5000 632198.5447626403,-10000 623538.2907247958))"
20,"POLYGON((-10000 640858.7988004846,-5000 632198.5447626403,5000 632198.5447626403,10000 640858.7988004846,5000 649519.052838329,-5000 649519.052838329,-10000 640858.7988004846))"
21,"POLYGON((5000 303108.8913245535,10000 294448.63728670916,20000 294448.63728670916,25000 303108.8913245535,20000 311769.1453623979,10000 311769.1453623979,5000 303108.8913245535))"
22,"POLYGON((5000 320429.3994002423,10000 311769.1453623979,20000 311769.1453623979,25000 320429.3994002423,20000 329089.6534380867,10000 329089.6534380867,5000 320429.3994002423))"
23,"POLYGON((5000 337749.90747593105,10000 329089.6534380867,20000 329089.6534380867,25000 337749.90747593105,20000 346410.16151377547,10000 346410.16151377547,5000 337749.90747593105))"
24,"POLYGON((5000 355070.41555161984,10000 346410.16151377547,20000 346410.16151377547,25000 355070.41555161984,20000 363730.6695894642,10000 363730.6695894642,5000 355070.41555161984))"
25,"POLYGON((5000 372390.9236273086,10000 363730.6695894642,20000 363730.6695894642,25000 372390.9236273086,20000 381051.177665153,10000 381051.177665153,5000 372390.9236273086))"
26,"POLYGON((5000 389711.43170299736,10000 381051.177665153,20000 381051.177665153,25000 389711.43170299736,20000 398371.6857408418,10000 398371.6857408418,5000 389711.43170299736))"
27,"POLYGON((5000 407031.93977868615,10000 398371.6857408418,20000 398371.6857408418,25000 407031.93977868615,20000 415692.1938165305,10000 415692.1938165305,5000 407031.93977868615))"
28,"POLYGON((5000 424352.44785437494,10000 415692.1938165305,20000 415692.1938165305,25000 424352.44785437494,20000 433012.7018922193,10000 433012.7018922193,5000 424352.44785437494))"
29,"POLYGON((5000 441672.95593006373,10000 433012.7018922193,20000 433012.7018922193,25000 441672.95593006373,20000 450333.2099679081,10000 450333.2099679081,5000 441672.95593006373))"
30,"POLYGON((5000 458993.46400575247,10000 450333.2099679081,20000 450333.2099679081,25000 458993.46400575247,20000 467653.7180435969,10000 467653.7180435969,5000 458993.46400575247))"
31,"POLYGON((5000 476313.97208144126,10000 467653.7180435969,20000 467653.7180435969,25000 476313.97208144126,20000 484974.2261192856,10000 484974.2261192856,5000 476313.97208144126))"
32,"POLYGON((5000 493634.48015713005,10000 484974.2261192856,20000 484974.2261192856,25000 493634.48015713005,20000 502294.7341949744,10000 502294.7341949744,5000 493634.48015713005))"
33,"POLYGON((5000 510954.9882328188,10000 502294.7341949744,20000 502294.7341949744,25000 510954.9882328188,20000 519615.2422706632,10000 519615.2422706632,5000 510954.9882328188))"
34,"POLYGON((5000 528275.4963085075,10000 519615.2422706632,20000 519615.2422706632,25000 528275.4963085075,20000 536935.750346352,10000 536935.750346352,5000 528275.4963085075))"
35,"POLYGON((5000 545596.0043841964,10000 536935.750346352,20000 536935.750346352,25000 545596.0043841964,20000 554256.2584220407,10000 554256.2584220407,5000 545596.0043841964))"
36,"POLYGON((5000 562916.5124598851,10000 554256.2584220407,20000 554256.2584220407,25000 562916.5124598851,20000 571576.7664977295,10000 571576.7664977295,5000 562916.5124598851))"
37,"POLYGON((5000 580237.020535574,10000 571576.7664977295,20000 571576.7664977295,25000 580237.020535574,20000 588897.2745734183,10000 588897.2745734183,5000 580237.020535574))"
38,"POLYGON((5000 597557.5286112627,10000 588897.2745734183,20000 588897.2745734183,25000 597557.5286112627,20000 606217.782649107,10000 606217.782649107,5000 597557.5286112627))"
39,"POLYGON((5000 614878.0366869514,10000 606217.782649107,20000 606217.782649107,25000 614878.0366869514,20000 623538.2907247958,10000 623538.2907247958,5000 614878.0366869514))"
40,"POLYGON((5000 632198.5447626403,10000 623538.2907247958,20000 623538.2907247958,25000 632198.5447626403,20000 640858.7988004846,10000 640858.7988004846,5000 632198.5447626403))"
41,"POLYGON((20000 311769.1453623979,25000 303108.8913245535,35000 303108.8913245535,40000 311769.1453623979,35000 320429.3994002423,25000 320429.3994002423,20000 311769.1453623979))"
42,"POLYGON((20000 329089.6534380867,25000 320429.3994002423,35000 320429.3994002423,40000 329089.6534380867,35000 337749.90747593105,25000 337749.90747593105,20000 329089.6534380867))"
43,"POLYGON((20000 346410.16151377547,25000 337749.90747593105,35000 337749.90747593105,40000 346410.16151377547,35000 355070.41555161984,25000 355070.41555161984,20000 346410.16151377547))"
44,"POLYGON((20000 363730.6695894642,25000 355070.41555161984,35000 355070.41555161984,40000 363730.6695894642,35000 372390.9236273086,25000 372390.9236273086,20000 363730.6695894642))"
45,"POLYGON((20000 381051.177665153,25000 372390.9236273086,35000 372390.9236273086,40000 381051.177665153,35000 389711.43170299736,25000 389711.43170299736,20000 381051.177665153))"
46,"POLYGON((20000 398371.6857408418,25000 389711.43170299736,35000 389711.43170299736,40000 398371.6857408418,35000 407031.93977868615,25000 407031.93977868615,20000 398371.6857408418))"
47,"POLYGON((20000 415692.1938165305,25000 407031.93977868615,35000 407031.93977868615,40000 415692.1938165305,35000 424352.44785437494,25000 424352.44785437494,20000 415692.1938165305))"
48,"POLYGON((20000 433012.7018922193,25000 424352.44785437494,35000 424352.44785437494,40000 433012.7018922193,35000 441672.95593006373,25000 441672.95593006373,20000 433012.7018922193))"
49,"POLYGON((20000 450333.2099679081,25000 441672.95593006373,35000 441672.95593006373,40000 450333.2099679081,35000 458993.46400575247,25000 458993.46400575247,20000 450333.2099679081))"
50,"POLYGON((20000 467653.7180435969,25000 458993.46400575247,35000 458993.46400575247,40000 467653.7180435969,35000 476313.97208144126,25000 476313.97208144126,20000 467653.7180435969))"
51,"POLYGON((20000 484974.2261192856,25000 476313.97208144126,35000 476313.97208144126,40000 484974.2261192856,35000 493634.48015713005,25000 493634.48015713005,20000 484974.2261192856))"
52,"POLYGON((20000 502294.7341949744,25000 493634.48015713005,35000 493634.48015713005,40000 502294.7341949744,35000 510954.9882328188,25000 510954.9882328188,20000 502294.7341949744))"
53,"POLYGON((20000 519615.2422706632,25000 510954.9882328188,35000 510954.9882328188,40000 519615.2422706632,35000 528275.4963085075,25000 528275.4963085075,20000 519615.2422706632))"
54,"POLYGON((20000 536935.750346352,25000 528275.4963085075,35000 528275.4963085075,40000 536935.750346352,35000 545596.0043841964,25000 545596.0043841964,20000 536935.750346352))"
55,"POLYGON((20000 554256.2584220407,25000 545596.0043841964,35000 545596.0043841964,40000 554256.2584220407,35000 562916.5124598851,25000 562916.5124598851,20000 554256.2584220407))"
56,"POLYGON((20000 571576.7664977295,25000 562916.5124598851,35000 562916.5124598851,40000 571576.7664977295,35000 580237.020535574,25000 580237.020535574,20000 571576.7664977295))"
57,"POLYGON((20000 588897.2745734183,25000 580237.020535574,35000 580237.020535574,40000 588897.2745734183,35000 597557.5286112627,25000 597557.5286112627,20000 588897.2745734183))"
58,"POLYGON((20000 606217.782649107,25000 597557.5286112627,35000 597557.5286112627,40000 606217.782649107,35000 614878.0366869514,25000 614878.0366869514,20000 606217.782649107))"
59,"POLYGON((20000 623538.2907247958,25000 614878.0366869514,35000 614878.0366869514,40000 623538.2907247958,35000 632198.5447626403,25000 632198.5447626403,20000 623538.2907247958))"
60,"POLYGON((20000 640858.7988004846,25000 632198.5447626403,35000 632198.5447626403,40000 640858.7988004846,35000 649519.052838329,25000 649519.052838329,20000 640858.7988004846))"
61,"POLYGON((35000 303108.8913245535,40000 294448.63728670916,50000 294448.63728670916,55000 303108.8913245535,50000 311769.1453623979,40000 311769.1453623979,35000 303108.8913245535))"
62,"POLYGON((35000 320429.3994002423,40000 311769.1453623979,50000 311769.1453623979,55000 320429.3994002423,50000 329089.6534380867,40000 329089.6534380867,35000 320429.3994002423))"
63,"POLYGON((35000 337749.90747593105,40000 329089.6534380867,50000 329089.6534380867,55000 337749.90747593105,50000 346410.16151377547,40000 346410.16151377547,35000 337749.90747593105))"
64,"POLYGON((35000 355070.41555161984,40000 346410.16151377547,50000 346410.16151377547,55000 355070.41555161984,50000 363730.6695894642,40000 363730.6695894642,35000 355070.41555161984))"
65,"POLYGON((35000 372390.9236273086,40000 363730.6695894642,50000 363730.6695894642,55000 372390.9236273086,50000 381051.177665153,40000 381051.177665153,35000 372390.9236273086))"
66,"POLYGON((35000 389711.43170299736,40000 381051.177665153,50000 381051.177665153,55000 389711.43170299736,50000 398371.6857408418,40000 398371.6857408418,35000 389711.43170299736))"
67,"POLYGON((35000 407031.93977868615,40000 398371.6857408418,50000 398371.6857408418,55000 407031.93977868615,50000 415692.1938165305,40000 415692.1938165305,35000 407031.93977868615))"
68,"POLYGON((35000 424352.44785437494,40000 415692.1938165305,50000 415692.1938165305,55000 424352.44785437494,50000 433012.7018922193,40000 433012.7018922193,35000 424352.44785437494))"
69,"POLYGON((35000 441672.95593006373,40000 433012.7018922193,50000 433012.7018922193,55000 441672.95593006373,50000 450333.2099679081,40000 450333.2099679081,35000 441672.95593006373))"
70,"POLYGON((35000 458993.46400575247,40000 450333.2099679081,50000 450333.2099679081,55000 458993.46400575247,50000 467653.7180435969,40000 467653.7180435969,35000 458993.46400575247))"
71,"POLYGON((35000 476313.97208144126,40000 467653.7180435969,50000 467653.7180435969,55000 476313.97208144126,50000 484974.2261192856,40000 484974.2261192856,35000 476313.97208144126))"
72,"POLYGON((35000 493634.48015713005,40000 484974.2261192856,50000 484974.2261192856,55000 493634.48015713005,50000 502294.7341949744,40000 502294.7341949744,35000 493634.48015713005))"
73,"POLYGON((35000 510954.9882328188,40000 502294.7341949744,50000 502294.7341949744,55000 510954.9882328188,50000 519615.2422706632,40000 519615.2422706632,35000 510954.9882328188))"
74,"POLYGON((35000 528275.4963085075,40000 519615.2422706632,50000 519615.2422706632,55000 528275.4963085075,50000 536935.750346352,40000 536935.750346352,35000 528275.4963085075))"
75,"POLYGON((35000 545596.0043841964,40000 536935.750346352,50000 536935.750346352,55000 545596.0043841964,50000 554256.2584220407,40000 554256.2584220407,35000 545596.0043841964))"
76,"POLYGON((35000 562916.5124598851,40000 554256.2584220407,50000 554256.2584220407,55000 562916.5124598851,50000 571576.7664977295,40000 571576.7664977295,35000 562916.5124598851))"
77,"POLYGON((35000 580237.020535574,40000 571576.7664977295,50000 571576.7664977295,55000 580237.020535574,50000 588897.2745734183,40000 588897.2745734183,35000 580237.020535574))"
78,"POLYGON((35000 597557.5286112627,40000 588897.2745734183,50000 588897.2745734183,55000 597557.5286112627,50000 606217.782649107,40000 606217.782649107,35000 597557.5286112627))"
79,"POLYGON((35000 614878.0366869514,40000 606217.782649107,50000 606217.782649107,55000 614878.0366869514,50000 623538.2907247958,40000 623538.2907247958,35000 614878.0366869514))"
80,"POLYGON((35000 632198.5447626403,40000 623538.2907247958,50000 623538.2907247958,55000 632198.5447626403,50000 640858.7988004846,40000 640858.7988004846,35000 632198.5447626403))"
81,"POLYGON((50000 311769.1453623979,55000 303108.8913245535,65000 303108.8913245535,70000 311769.1453623979,65000 320429.3994002423,55000 320429.3994002423,50000 311769.1453623979))"
82,"POLYGON((50000 329089.6534380867,55000 320429.3994002423,65000 320429.3994002423,70000 329089.6534380867,65000 337749.90747593105,55000 337749.90747593105,50000 329089.6534380867))"
83,"POLYGON((50000 346410.16151377547,55000 337749.90747593105,65000 337749.90747593105,70000 346410.16151377547,65000 355070.41555161984,55000 355070.41555161984,50000 346410.16151377547))"
84,"POLYGON((50000 363730.6695894642,55000 355070.41555161984,65000 355070.41555161984,70000 363730.6695894642,65000 372390.9236273086,55000 372390.9236273086,50000 363730.6695894642))"
85,"POLYGON((50000 381051.177665153,55000 372390.9236273086,65000 372390.9236273086,70000 381051.177665153,65000 389711.43170299736,55000 389711.43170299736,50000 381051.177665153))"
86,"POLYGON((50000 398371.6857408418,55000 389711.43170299736,65000 389711.43170299736,70000 398371.6857408418,65000 407031.93977868615,55000 407031.93977868615,50000 398371.6857408418))"
87,"POLYGON((50000 415692.1938165305,55000 407031.93977868615,65000 407031.93977868615,70000 415692.1938165305,65000 424352.44785437494,55000 424352.44785437494,50000 415692.1938165305))"
88,"POLYGON((50000 433012.7018922193,55000 424352.44785437494,65000 424352.44785437494,70000 433012.7018922193,65000 441672.95593006373,55000 441672.95593006373,50000 433012.7018922193))"
89,"POLYGON((50000 450333.2099679081,55000 441672.95593006373,65000 441672.95593006373,70000 450333.2099679081,65000 458993.46400575247,55000 458993.46400575247,50000 450333.2099679081))"
90,"POLYGON((50000 467653.7180435969,55000 458993.46400575247,65000 458993.46400575247,70000 467653.7180435969,65000 476313.97208144126,55000 476313.97208144126,50000 467653.7180435969))"
91,"POLYGON((50000 484974.2261192856,55000 476313.97208144126,65000 476313.97208144126,70000 484974.2261192856,65000 493634.48015713005,55000 493634.48015713005,50000 484974.2261192856))"
92,"POLYGON((50000 502294.7341949744,55000 493634.48015713005,65000 493634.48015713005,70000 502294.7341949744,65000 510954.9882328188,55000 510954.9882328188,50000 502294.7341949744))"
93,"POLYGON((50000 519615.2422706632,55000 510954.9882328188,65000 510954.9882328188,70000 519615.2422706632,65000 528275.4963085075,55000 528275.4963085075,50000 519615.2422706632))"
94,"POLYGON((50000 536935.750346352,55000 528275.4963085075,65000 528275.4963085075,70000 536935.750346352,65000 545596.0043841964,55000 545596.0043841964,50000 536935.750346352))"
95,"POLYGON((50000 554256.2584220407,55000 545596.0043841964,65000 545596.0043841964,70000 554256.2584220407,65000 562916.5124598851,55000 562916.5124598851,50000 554256.2584220407))"
96,"POLYGON((50000 571576.7664977295,55000 562916.5124598851,65000 562916.5124598851,70000 571576.7664977295,65000 580237.020535574,55000 580237.020535574,50000 571576.7664977295))"
97,"POLYGON((50000 588897.2745734183,55000 580237.020535574,65000 580237.020535574,70000 588897.2745734183,65000 597557.5286112627,55000 597557.5286112627,50000 588897.2745734183))"
98,"POLYGON((50000 606217.782649107,55000 597557.5286112627,65000 597557.5286112627,70000 606217.782649107,65000 614878.0366869514,55000 614878.0366869514,50000 606217.782649107))"
99,"POLYGON((50000 623538.2907247958,55000 614878.0366869514,65000 614878.0366869514,70000 623538.2907247958,65000 632198.5447626403,55000 632198.5447626403,50000 623538.2907247958))"
100,"POLYGON((50000 640858.7988004846,55000 632198.5447626403,65000 632198.5447626403,70000 640858.7988004846,65000 649519.052838329,55000 649519.052838329,50000 640858.7988004846))"
101,"POLYGON((65000 303108.8913245535,70000 294448.63728670916,80000 294448.63728670916,85000 303108.8913245535,80000 311769.1453623979,70000 311769.1453623979,65000 303108.8913245535))"
102,"POLYGON((65000 320429.3994002423,70000 311769.1453623979,80000 311769.1453623979,85000 320429.3994002423,80000 329089.6534380867,70000 329089.6534380867,65000 320429.3994002423))"
103,"POLYGON((65000 337749.90747593105,70000 329089.6534380867,80000 329089.6534380867,85000 337749.90747593105,80000 346410.16151377547,70000 346410.16151377547,65000 337749.90747593105))"
104,"POLYGON((65000 355070.41555161984,70000 346410.16151377547,80000 346410.16151377547,85000 355070.41555161984,80000 363730.6695894642,70000 363730.6695894642,65000 355070.41555161984))"
105,"POLYGON((65000 372390.9236273086,70000 363730.6695894642,80000 363730.6695894642,85000 372390.9236273086,80000 381051.177665153,70000 381051.177665153,65000 372390.9236273086))"
106,"POLYGON((65000 389711.43170299736,70000 381051.177665153,80000 381051.177665153,85000 389711.43170299736,80000 398371.6857408418,70000 398371.6857408418,65000 389711.43170299736))"
107,"POLYGON((65000 407031.93977868615,70000 398371.6857408418,80000 398371.6857408418,85000 407031.93977868615,80000 415692.1938165305,70000 415692.1938165305,65000 407031.93977868615))"
108,"POLYGON((65000 424352.44785437494,70000 415692.1938165305,80000 415692.1938165305,85000 424352.44785437494,80000 433012.7018922193,70000 433012.7018922193,65000 424352.44785437494))"
109,"POLYGON((65000 441672.95593006373,70000 433012.7018922193,80000 433012.7018922193,85000 441672.95593006373,80000 450333.2099679081,70000 450333.2099679081,65000 441672.95593006373))"
110,"POLYGON((65000 458993.46400575247,70000 450333.2099679081,80000 450333.2099679081,85000 458993.46400575247,80000 467653.7180435969,70000 467653.7180435969,65000 458993.46400575247))"
111,"POLYGON((65000 476313.97208144126,70000 467653.7180435969,80000 467653.7180435969,85000 476313.97208144126,80000 484974.2261192856,70000 484974.2261192856,65000 476313.97208144126))"
112,"POLYGON((65000 493634.48015713005,70000 484974.2261192856,80000 484974.2261192856,85000 493634.48015713005,80000 502294.7341949744,70000 502294.7341949744,65000 493634.48015713005))"
113,"POLYGON((65000 510954.9882328188,70000 502294.7341949744,80000 502294.7341949744,85000 510954.9882328188,80000 519615.2422706632,70000 519615.2422706632,65000 510954.9882328188))"
114,"POLYGON((65000 528275.4963085075,70000 519615.2422706632,80000 519615.2422706632,85000 528275.4963085075,80000 536935.750346352,70000 536935.750346352,65000 528275.4963085075))"
115,"POLYGON((65000 545596.0043841964,70000 536935.750346352,80000 536935.750346352,85000 545596.0043841964,80000 554256.2584220407,70000 554256.2584220407,65000 545596.0043841964))"
116,"POLYGON((65000 562916.5124598851,70000 554256.2584220407,80000 554256.2584220407,85000 562916.5124598851,80000 571576.7664977295,70000 571576.7664977295,65000 562916.5124598851))"
117,"POLYGON((65000 580237.020535574,70000 571576.7664977295,80000 571576.7664977295,85000 580237.020535574,80000 588897.2745734183,70000 588897.2745734183,65000 580237.020535574))"
118,"POLYGON((65000 597557.5286112627,70000 588897.2745734183,80000 588897.2745734183,85000 597557.5286112627,80000 606217.782649107,70000 606217.782649107,65000 597557.5286112627))"
119,"POLYGON((65000 614878.0366869514,70000 606217.782649107,80000 606217.782649107,85000 614878.0366869514,80000 623538.2907247958,70000 623538.2907247958,65000 614878.0366869514))"
120,"POLYGON((65000 632198.5447626403,70000 623538.2907247958,80000 623538.2907247958,85000 632198.5447626403,80000 640858.7988004846,70000 640858.7988004846,65000 632198.5447626403))"
121,"POLYGON((80000 311769.1453623979,85000 303108.8913245535,95000 303108.8913245535,100000 311769.1453623979,95000 320429.3994002423,85000 320429.3994002423,80000 311769.1453623979))"
122,"POLYGON((80000 329089.6534380867,85000 320429.3994002423,95000 320429.3994002423,100000 329089.6534380867,95000 337749.90747593105,85000 337749.90747593105,80000 329089.6534380867))"
123,"POLYGON((80000 346410.16151377547,85000 337749.90747593105,95000 337749.90747593105,100000 346410.16151377547,95000 355070.41555161984,85000 355070.41555161984,80000 346410.16151377547))"
124,"POLYGON((80000 363730.6695894642,85000 355070.41555161984,95000 355070.41555161984,100000 363730.6695894642,95000 372390.9236273086,85000 372390.9236273086,80000 363730.6695894642))"
125,"POLYGON((80000 381051.177665153,85000 372390.9236273086,95000 372390.9236273086,100000 381051.177665153,95000 389711.43170299736,85000 389711.43170299736,80000 381051.177665153))"
126,"POLYGON((80000 398371.6857408418,85000 389711.43170299736,95000 389711.43170299736,100000 398371.6857408418,95000 407031.93977868615,85000 407031.93977868615,80000 398371.6857408418))"
127,"POLYGON((80000 415692.1938165305,85000 407031.93977868615,95000 407031.93977868615,100000 415692.1938165305,95000 424352.44785437494,85000 424352.44785437494,80000 415692.1938165305))"
128,"POLYGON((80000 433012.7018922193,85000 424352.44785437494,95000 424352.44785437494,100000 433012.7018922193,95000 441672.95593006373,85000 441672.95593006373,80000 433012.7018922193))"
129,"POLYGON((80000 450333.2099679081,85000 441672.95593006373,95000 441672.95593006373,100000 450333.2099679081,95000 458993.46400575247,85000 458993.46400575247,80000 450333.2099679081))"
130,"POLYGON((80000 467653.7180435969,85000 458993.46400575247,95000 458993.46400575247,100000 467653.7180435969,95000 476313.97208144126,85000 476313.97208144126,80000 467653.7180435969))"
131,"POLYGON((80000 484974.2261192856,85000 476313.97208144126,95000 476313.97208144126,100000 484974.2261192856,95000 493634.48015713005,85000 493634.48015713005,80000 484974.2261192856))"
132,"POLYGON((80000 502294.7341949744,85000 493634.48015713005,95000 493634.48015713005,100000 502294.7341949744,95000 510954.9882328188,85000 510954.9882328188,80000 502294.7341949744))"
133,"POLYGON((80000 519615.2422706632,85000 510954.9882328188,95000 510954.9882328188,100000 519615.2422706632,95000 528275.4963085075,85000 528275.4963085075,80000 519615.2422706632))"
134,"POLYGON((80000 536935.750346352,85000 528275.4963085075,95000 528275.4963085075,100000 536935.750346352,95000 545596.0043841964,85000 545596.0043841964,80000 536935.750346352))"
135,"POLYGON((80000 554256.2584220407,85000 545596.0043841964,95000 545596.0043841964,100000 554256.2584220407,95000 562916.5124598851,85000 562916.5124598851,80000 554256.2584220407))"
136,"POLYGON((80000 571576.7664977295,85000 562916.5124598851,95000 562916.5124598851,100000 571576.7664977295,95000 580237.020535574,85000 580237.020535574,80000 571576.7664977295))"
137,"POLYGON((80000 588897.2745734183,85000 580237.020535574,95000 580237.020535574,100000 588897.2745734183,95000 597557.5286112627,85000 597557.5286112627,80000 588897.2745734183))"
138,"POLYGON((80000 606217.782649107,85000 597557.5286112627,95000 597557.5286112627,100000 606217.782649107,95000 614878.0366869514,85000 614878.0366869514,80000 606217.782649107))"
139,"POLYGON((80000 623538.2907247958,85000 614878.0366869514,95000 614878.0366869514,100000 623538.2907247958,95000 632198.5447626403,85000 632198.5447626403,80000 623538.2907247958))"
140,"POLYGON((80000 640858.7988004846,85000 632198.5447626403,95000 632198.5447626403,100000 640858.7988004846,95000 649519.052838329,85000 649519.052838329,80000 640858.7988004846))"
141,"POLYGON((95000 303108.8913245535,100000 294448.63728670916,110000 294448.63728670916,115000 303108.8913245535,110000 311769.1453623979,100000 311769.1453623979,95000 303108.8913245535))"
142,"POLYGON((95000 320429.3994002423,100000 311769.1453623979,110000 311769.1453623979,115000 320429.3994002423,110000 329089.6534380867,100000 329089.6534380867,95000 320429.3994002423))"
143,"POLYGON((95000 337749.90747593105,100000 329089.6534380867,110000 329089.6534380867,115000 337749.90747593105,110000 346410.16151377547,100000 346410.16151377547,95000 337749.90747593105))"
144,"POLYGON((95000 355070.41555161984,100000 346410.16151377547,110000 346410.16151377547,115000 355070.41555161984,110000 363730.6695894642,100000 363730.6695894642,95000 355070.41555161984))"
145,"POLYGON((95000 372390.9236273086,100000 363730.6695894642,110000 363730.6695894642,115000 372390.9236273086,110000 381051.177665153,100000 381051.177665153,95000 372390.9236273086))"
146,"POLYGON((95000 389711.43170299736,100000 381051.177665153,110000 381051.177665153,115000 389711.43170299736,110000 398371.6857408418,100000 398371.6857408418,95000 389711.43170299736))"
147,"POLYGON((95000 407031.93977868615,100000 398371.6857408418,110000 398371.6857408418,115000 407031.93977868615,110000 415692.1938165305,100000 415692.1938165305,95000 407031.93977868615))"
148,"POLYGON((95000 424352.44785437494,100000 415692.1938165305,110000 415692.1938165305,115000 424352.44785437494,110000 433012.7018922193,100000 433012.7018922193,95000 424352.44785437494))"
149,"POLYGON((95000 441672.95593006373,100000 433012.7018922193,110000 433012.7018922193,115000 441672.95593006373,110000 450333.2099679081,100000 450333.2099679081,95000 441672.95593006373))"
150,"POLYGON((95000 458993.46400575247,100000 450333.2099679081,110000 450333.2099679081,115000 458993.46400575247,110000 467653.7180435969,100000 467653.7180435969,95000 458993.46400575247))"
151,"POLYGON((95000 476313.97208144126,100000 467653.7180435969,110000 467653.7180435969,115000 476313.97208144126,110000 484974.2261192856,100000 484974.2261192856,95000 476313.97208144126))"
152,"POLYGON((95000 493634.48015713005,100000 484974.2261192856,110000 484974.2261192856,115000 493634.48015713005,110000 502294.7341949744,100000 502294.7341949744,95000 493634.48015713005))"
153,"POLYGON((95000 510954.9882328188,100000 502294.7341949744,110000 502294.7341949744,115000 510954.9882328188,110000 519615.2422706632,100000 519615.2422706632,95000 510954.9882328188))"
154,"POLYGON((95000 528275.4963085075,100000 519615.2422706632,110000 519615.2422706632,115000 528275.4963085075,110000 536935.750346352,100000 536935.750346352,95000 528275.4963085075))"
155,"POLYGON((95000 545596.0043841964,100000 536935.750346352,110000 536935.750346352,115000 545596.0043841964,110000 554256.2584220407,100000 554256.2584220407,95000 545596.0043841964))"
156,"POLYGON((95000 562916.5124598851,100000 554256.2584220407,110000 554256.2584220407,115000 562916.5124598851,110000 571576.7664977295,100000 571576.7664977295,95000 562916.5124598851))"
157,"POLYGON((95000 580237.020535574,100000 571576.7664977295,110000 571576.7664977295,115000 580237.020535574,110000 588897.2745734183,100000 588897.2745734183,95000 580237.020535574))"
158,"POLYGON((95000 597557.5286112627,100000 588897.2745734183,110000 588897.2745734183,115000 597557.5286112627,110000 606217.782649107,100000 606217.782649107,95000 597557.5286112627))"
159,"POLYGON((95000 614878.0366869514,100000 606217.782649107,110000 606217.782649107,115000 614878.0366869514,110000 623538.2907247958,100000 623538.2907247958,95000 614878.0366869514))"
160,"POLYGON((95000 632198.5447626403,100000 623538.2907247958,110000 623538.2907247958,115000 632198.5447626403,110000 640858.7988004846,100000 640858.7988004846,95000 632198.5447626403))"
161,"POLYGON((110000 311769.1453623979,115000 303108.8913245535,125000 303108.8913245535,130000 311769.1453623979,125000 320429.3994002423,115000 320429.3994002423,110000 311769.1453623979))"
162,"POLYGON((110000 329089.6534380867,115000 320429.3994002423,125000 320429.3994002423,130000 329089.6534380867,125000 337749.90747593105,115000 337749.90747593105,110000 329089.6534380867))"
163,"POLYGON((110000 346410.16151377547,115000 337749.90747593105,125000 337749.90747593105,130000 346410.16151377547,125000 355070.41555161984,115000 355070.41555161984,110000 346410.16151377547))"
164,"POLYGON((110000 363730.6695894642,115000 355070.41555161984,125000 355070.41555161984,130000 363730.6695894642,125000 372390.9236273086,115000 372390.9236273086,110000 363730.6695894642))"
165,"POLYGON((110000 381051.177665153,115000 372390.9236273086,125000 372390.9236273086,130000 381051.177665153,125000 389711.43170299736,115000 389711.43170299736,110000 381051.177665153))"
166,"POLYGON((110000 398371.6857408418,115000 389711.43170299736,125000 389711.43170299736,130000 398371.6857408418,125000 407031.93977868615,115000 407031.93977868615,110000 398371.6857408418))"
167,"POLYGON((110000 415692.1938165305,115000 407031.93977868615,125000 407031.93977868615,130000 415692.1938165305,125000 424352.44785437494,115000 424352.44785437494,110000 415692.1938165305))"
168,"POLYGON((110000 433012.7018922193,115000 424352.44785437494,125000 424352.44785437494,130000 433012.7018922193,125000 441672.95593006373,115000 441672.95593006373,110000 433012.7018922193))"
169,"POLYGON((110000 450333.2099679081,115000 441672.95593006373,125000 441672.95593006373,130000 450333.2099679081,125000 458993.46400575247,115000 458993.46400575247,110000 450333.2099679081))"
170,"POLYGON((110000 467653.7180435969,115000 458993.46400575247,125000 458993.46400575247,130000 467653.7180435969,125000 476313.97208144126,115000 476313.97208144126,110000 467653.7180435969))"
171,"POLYGON((110000 484974.2261192856,115000 476313.97208144126,125000 476313.97208144126,130000 484974.2261192856,125000 493634.48015713005,115000 493634.48015713005,110000 484974.2261192856))"
172,"POLYGON((110000 502294.7341949744,115000 493634.48015713005,125000 493634.48015713005,130000 502294.7341949744,125000 510954.9882328188,115000 510954.9882328188,110000 502294.7341949744))"
173,"POLYGON((110000 519615.2422706632,115000 510954.9882328188,125000 510954.9882328188,130000 519615.2422706632,125000 528275.4963085075,115000 528275.4963085075,110000 519615.2422706632))"
174,"POLYGON((110000 536935.750346352,115000 528275.4963085075,125000 528275.4963085075,130000 536935.750346352,125000 545596.0043841964,115000 545596.0043841964,110000 536935.750346352))"
175,"POLYGON((110000 554256.2584220407,115000 545596.0043841964,125000 545596.0043841964,130000 554256.2584220407,125000 562916.5124598851,115000 562916.5124598851,110000 554256.2584220407))"
176,"POLYGON((110000 571576.7664977295,115000 562916.5124598851,125000 562916.5124598851,130000 571576.7664977295,125000 580237.020535574,115000 580237.020535574,110000 571576.7664977295))"
177,"POLYGON((110000 588897.2745734183,115000 580237.020535574,125000 580237.020535574,130000 588897.2745734183,125000 597557.5286112627,115000 597557.5286112627,110000 588897.2745734183))"
178,"POLYGON((110000 606217.782649107,115000 597557.5286112627,125000 597557.5286112627,130000 606217.782649107,125000 614878.0366869514,115000 614878.0366869514,110000 606217.782649107))"
179,"POLYGON((110000 623538.2907247958,115000 614878.0366869514,125000 614878.0366869514,130000 623538.2907247958,125000 632198.5447626403,115000 632198.5447626403,110000 623538.2907247958))"
180,"POLYGON((110000 640858.7988004846,115000 632198.5447626403,125000 632198.5447626403,130000 640858.7988004846,125000 649519.052838329,115000 649519.052838329,110000 640858.7988004846))"
181,"POLYGON((125000 303108.8913245535,130000 294448.63728670916,140000 294448.63728670916,145000 303108.8913245535,140000 311769.1453623979,130000 311769.1453623979,125000 303108.8913245535))"
182,"POLYGON((125000 320429.3994002423,130000 311769.1453623979,140000 311769.1453623979,145000 320429.3994002423,140000 329089.6534380867,130000 329089.6534380867,125000 320429.3994002423))"
183,"POLYGON((125000 337749.90747593105,130000 329089.6534380867,140000 329089.6534380867,145000 337749.90747593105,140000 346410.16151377547,130000 346410.16151377547,125000 337749.90747593105))"
184,"POLYGON((125000 355070.41555161984,130000 346410.16151377547,140000 346410.16151377547,145000 355070.41555161984,140000 363730.6695894642,130000 363730.6695894642,125000 355070.41555161984))"
185,"POLYGON((125000 372390.9236273086,130000 363730.6695894642,140000 363730.6695894642,145000 372390.9236273086,140000 381051.177665153,130000 381051.177665153,125000 372390.9236273086))"
186,"POLYGON((125000 389711.43170299736,130000 381051.177665153,140000 381051.177665153,145000 389711.43170299736,140000 398371.6857408418,130000 398371.6857408418,125000 389711.43170299736))"
187,"POLYGON((125000 407031.93977868615,130000 398371.6857408418,140000 398371.6857408418,145000 407031.93977868615,140000 415692.1938165305,130000 415692.1938165305,125000 407031.93977868615))"
188,"POLYGON((125000 424352.44785437494,130000 415692.1938165305,140000 415692.1938165305,145000 424352.44785437494,140000 433012.7018922193,130000 433012.7018922193,125000 424352.44785437494))"
189,"POLYGON((125000 441672.95593006373,130000 433012.7018922193,140000 433012.7018922193,145000 441672.95593006373,140000 450333.2099679081,130000 450333.2099679081,125000 441672.95593006373))"
190,"POLYGON((125000 458993.46400575247,130000 450333.2099679081,140000 450333.2099679081,145000 458993.46400575247,140000 467653.7180435969,130000 467653.7180435969,125000 458993.46400575247))"
191,"POLYGON((125000 476313.97208144126,130000 467653.7180435969,140000 467653.7180435969,145000 476313.97208144126,140000 484974.2261192856,130000 484974.2261192856,125000 476313.97208144126))"
192,"POLYGON((125000 493634.48015713005,130000 484974.2261192856,140000 484974.2261192856,145000 493634.48015713005,140000 502294.7341949744,130000 502294.7341949744,125000 493634.48015713005))"
193,"POLYGON((125000 510954.9882328188,130000 502294.7341949744,140000 502294.7341949744,145000 510954.9882328188,140000 519615.2422706632,130000 519615.2422706632,125000 510954.9882328188))"
194,"POLYGON((125000 528275.4963085075,130000 519615.2422706632,140000 519615.2422706632,145000 528275.4963085075,140000 536935.750346352,130000 536935.750346352,125000 528275.4963085075))"
195,"POLYGON((125000 545596.0043841964,130000 536935.750346352,140000 536935.750346352,145000 545596.0043841964,140000 554256.2584220407,130000 554256.2584220407,125000 545596.0043841964))"
196,"POLYGON((125000 562916.5124598851,130000 554256.2584220407,140000 554256.2584220407,145000 562916.5124598851,140000 571576.7664977295,130000 571576.7664977295,125000 562916.5124598851))"
197,"POLYGON((125000 580237.020535574,130000 571576.7664977295,140000 571576.7664977295,145000 580237.020535574,140000 588897.2745734183,130000 588897.2745734183,125000 580237.020535574))"
198,"POLYGON((125000 597557.5286112627,130000 588897.2745734183,140000 588897.2745734183,145000 597557.5286112627,140000 606217.782649107,130000 606217.782649107,125000 597557.5286112627))"
199,"POLYGON((125000 614878.0366869514,130000 606217.782649107,140000 606217.782649107,145000 614878.0366869514,140000 623538.2907247958,130000 623538.2907247958,125000 614878.0366869514))"
200,"POLYGON((125000 632198.5447626403,130000 623538.2907247958,140000 623538.2907247958,145000 632198.5447626403,140000 640858.7988004846,130000 640858.7988004846,125000 632198.5447626403))"
201,"POLYGON((140000 311769.1453623979,145000 303108.8913245535,155000 303108.8913245535,160000 311769.1453623979,155000 320429.3994002423,145000 320429.3994002423,140000 311769.1453623979))"
202,"POLYGON((140000 329089.6534380867,145000 320429.3994002423,155000 320429.3994002423,160000 329089.6534380867,155000 337749.90747593105,145000 337749.90747593105,140000 329089.6534380867))"
203,"POLYGON((140000 346410.16151377547,145000 337749.90747593105,155000 337749.90747593105,160000 346410.16151377547,155000 355070.41555161984,145000 355070.41555161984,140000 346410.16151377547))"
204,"POLYGON((140000 363730.6695894642,145000 355070.41555161984,155000 355070.41555161984,160000 363730.6695894642,155000 372390.9236273086,145000 372390.9236273086,140000 363730.6695894642))"
205,"POLYGON((140000 381051.177665153,145000 372390.9236273086,155000 372390.9236273086,160000 381051.177665153,155000 389711.43170299736,145000 389711.43170299736,140000 381051.177665153))"
206,"POLYGON((140000 398371.6857408418,145000 389711.43170299736,155000 389711.43170299736,160000 398371.6857408418,155000 407031.93977868615,145000 407031.93977868615,140000 398371.6857408418))"
207,"POLYGON((140000 415692.1938165305,145000 407031.93977868615,155000 407031.93977868615,160000 415692.1938165305,155000 424352.44785437494,145000 424352.44785437494,140000 415692.1938165305))"
208,"POLYGON((140000 433012.7018922193,145000 424352.44785437494,155000 424352.44785437494,160000 433012.7018922193,155000 441672.95593006373,145000 441672.95593006373,140000 433012.7018922193))"
209,"POLYGON((140000 450333.2099679081,145000 441672.95593006373,155000 441672.95593006373,160000 450333.2099679081,155000 458993.46400575247,145000 458993.46400575247,140000 450333.2099679081))"
210,"POLYGON((140000 467653.7180435969,145000 458993.46400575247,155000 458993.46400575247,160000 467653.7180435969,155000 476313.97208144126,145000 476313.97208144126,140000 467653.7180435969))"
211,"POLYGON((140000 484974.2261192856,145000 476313.97208144126,155000 476313.97208144126,160000 484974.2261192856,155000 493634.48015713005,145000 493634.48015713005,140000 484974.2261192856))"
212,"POLYGON((140000 502294.7341949744,145000 493634.48015713005,155000 493634.48015713005,160000 502294.7341949744,155000 510954.9882328188,145000 510954.9882328188,140000 502294.7341949744))"
213,"POLYGON((140000 519615.2422706632,145000 510954.9882328188,155000 510954.9882328188,160000 519615.2422706632,155000 528275.4963085075,145000 528275.4963085075,140000 519615.2422706632))"
214,"POLYGON((140000 536935.750346352,145000 528275.4963085075,155000 528275.4963085075,160000 536935.750346352,155000 545596.0043841964,145000 545596.0043841964,140000 536935.750346352))"
215,"POLYGON((140000 554256.2584220407,145000 545596.0043841964,155000 545596.0043841964,160000 554256.2584220407,155000 562916.5124598851,145000 562916.5124598851,140000 554256.2584220407))"
216,"POLYGON((140000 571576.7664977295,145000 562916.5124598851,155000 562916.5124598851,160000 571576.7664977295,155000 580237.020535574,145000 580237.020535574,140000 571576.7664977295))"
217,"POLYGON((140000 588897.2745734183,145000 580237.020535574,155000 580237.020535574,160000 588897.2745734183,155000 597557.5286112627,145000 597557.5286112627,140000 588897.2745734183))"
218,"POLYGON((140000 606217.782649107,145000 597557.5286112627,155000 597557.5286112627,160000 606217.782649107,155000 614878.0366869514,145000 614878.0366869514,140000 606217.782649107))"
219,"POLYGON((140000 623538.2907247958,145000 614878.0366869514,155000 614878.0366869514,160000 623538.2907247958,155000 632198.5447626403,145000 632198.5447626403,140000 623538.2907247958))"
220,"POLYGON((140000 640858.7988004846,145000 632198.5447626403,155000 632198.5447626403,160000 640858.7988004846,155000 649519.052838329,145000 649519.052838329,140000 640858.7988004846))"
221,"POLYGON((155000 303108.8913245535,160000 294448.63728670916,170000 294448.63728670916,175000 303108.8913245535,170000 311769.1453623979,160000 311769.1453623979,155000 303108.8913245535))"
222,"POLYGON((155000 320429.3994002423,160000 311769.1453623979,170000 311769.1453623979,175000 320429.3994002423,170000 329089.6534380867,160000 329089.6534380867,155000 320429.3994002423))"
223,"POLYGON((155000 337749.90747593105,160000 329089.6534380867,170000 329089.6534380867,175000 337749.90747593105,170000 346410.16151377547,160000 346410.16151377547,155000 337749.90747593105))"
224,"POLYGON((155000 355070.41555161984,160000 346410.16151377547,170000 346410.16151377547,175000 355070.41555161984,170000 363730.6695894642,160000 363730.6695894642,155000 355070.41555161984))"
225,"POLYGON((155000 372390.9236273086,160000 363730.6695894642,170000 363730.6695894642,175000 372390.9236273086,170000 381051.177665153,160000 381051.177665153,155000 372390.9236273086))"
226,"POLYGON((155000 389711.43170299736,160000 381051.177665153,170000 381051.177665153,175000 389711.43170299736,170000 398371.6857408418,160000 398371.6857408418,155000 389711.43170299736))"
227,"POLYGON((155000 407031.93977868615,160000 398371.6857408418,170000 398371.6857408418,175000 407031.93977868615,170000 415692.1938165305,160000 415692.1938165305,155000 407031.93977868615))"
228,"POLYGON((155000 424352.44785437494,160000 415692.1938165305,170000 415692.1938165305,175000 424352.44785437494,170000 433012.7018922193,160000 433012.7018922193,155000 424352.44785437494))"
229,"POLYGON((155000 441672.95593006373,160000 433012.7018922193,170000 433012.7018922193,175000 441672.95593006373,170000 450333.2099679081,160000 450333.2099679081,155000 441672.95593006373))"
230,"POLYGON((155000 458993.46400575247,160000 450333.2099679081,170000 450333.2099679081,175000 458993.46400575247,170000 467653.7180435969,160000 467653.7180435969,155000 458993.46400575247))"
231,"POLYGON((155000 476313.97208144126,160000 467653.7180435969,170000 467653.7180435969,175000 476313.97208144126,170000 484974.2261192856,160000 484974.2261192856,155000 476313.97208144126))"
232,"POLYGON((155000 493634.48015713005,160000 484974.2261192856,170000 484974.2261192856,175000 493634.48015713005,170000 502294.7341949744,160000 502294.7341949744,155000 493634.48015713005))"
233,"POLYGON((155000 510954.9882328188,160000 502294.7341949744,170000 502294.7341949744,175000 510954.9882328188,170000 519615.2422706632,160000 519615.2422706632,155000 510954.9882328188))"
234,"POLYGON((155000 528275.4963085075,160000 519615.2422706632,170000 519615.2422706632,175000 528275.4963085075,170000 536935.750346352,160000 536935.750346352,155000 528275.4963085075))"
235,"POLYGON((155000 545596.0043841964,160000 536935.750346352,170000 536935.750346352,175000 545596.0043841964,170000 554256.2584220407,160000 554256.2584220407,155000 545596.0043841964))"
236,"POLYGON((155000 562916.5124598851,160000 554256.2584220407,170000 554256.2584220407,175000 562916.5124598851,170000 571576.7664977295,160000 571576.7664977295,155000 562916.5124598851))"
237,"POLYGON((155000 580237.020535574,160000 571576.7664977295,170000 571576.7664977295,175000 580237.020535574,170000 588897.2745734183,160000 588897.2745734183,155000 580237.020535574))"
238,"POLYGON((155000 597557.5286112627,160000 588897.2745734183,170000 588897.2745734183,175000 597557.5286112627,170000 606217.782649107,160000 606217.782649107,155000 597557.5286112627))"
239,"POLYGON((155000 614878.0366869514,160000 606217.782649107,170000 606217.782649107,175000 614878.0366869514,170000 623538.2907247958,160000 623538.2907247958,155000 614878.0366869514))"
240,"POLYGON((155000 632198.5447626403,160000 623538.2907247958,170000 623538.2907247958,175000 632198.5447626403,170000 640858.7988004846,160000 640858.7988004846,155000 632198.5447626403))"
241,"POLYGON((170000 311769.1453623979,175000 303108.8913245535,185000 303108.8913245535,190000 311769.1453623979,185000 320429.3994002423,175000 320429.3994002423,170000 311769.1453623979))"
242,"POLYGON((170000 329089.6534380867,175000 320429.3994002423,185000 320429.3994002423,190000 329089.6534380867,185000 337749.90747593105,175000 337749.90747593105,170000 329089.6534380867))"
243,"POLYGON((170000 346410.16151377547,175000 337749.90747593105,185000 337749.90747593105,190000 346410.16151377547,185000 355070.41555161984,175000 355070.41555161984,170000 346410.16151377547))"
244,"POLYGON((170000 363730.6695894642,175000 355070.41555161984,185000 355070.41555161984,190000 363730.6695894642,185000 372390.9236273086,175000 372390.9236273086,170000 363730.6695894642))"
245,"POLYGON((170000 381051.177665153,175000 372390.9236273086,185000 372390.9236273086,190000 381051.177665153,185000 389711.43170299736,175000 389711.43170299736,170000 381051.177665153))"
246,"POLYGON((170000 398371.6857408418,175000 389711.43170299736,185000 389711.43170299736,190000 398371.6857408418,185000 407031.93977868615,175000 407031.93977868615,170000 398371.6857408418))"
247,"POLYGON((170000 415692.1938165305,175000 407031.93977868615,185000 407031.93977868615,190000 415692.1938165305,185000 424352.44785437494,175000 424352.44785437494,170000 415692.1938165305))"
248,"POLYGON((170000 433012.7018922193,175000 424352.44785437494,185000 424352.44785437494,190000 433012.7018922193,185000 441672.95593006373,175000 441672.95593006373,170000 433012.7018922193))"
249,"POLYGON((170000 450333.2099679081,175000 441672.95593006373,185000 441672.95593006373,190000 450333.2099679081,185000 458993.46400575247,175000 458993.46400575247,170000 450333.2099679081))"
250,"POLYGON((170000 467653.7180435969,175000 458993.46400575247,185000 458993.46400575247,190000 467653.7180435969,185000 476313.97208144126,175000 476313.97208144126,170000 467653.7180435969))"
251,"POLYGON((170000 484974.2261192856,175000 476313.97208144126,185000 476313.97208144126,190000 484974.2261192856,185000 493634.48015713005,175000 493634.48015713005,170000 484974.2261192856))"
252,"POLYGON((170000 502294.7341949744,175000 493634.48015713005,185000 493634.48015713005,190000 502294.7341949744,185000 510954.9882328188,175000 510954.9882328188,170000 502294.7341949744))"
253,"POLYGON((170000 519615.2422706632,175000 510954.9882328188,185000 510954.9882328188,190000 519615.2422706632,185000 528275.4963085075,175000 528275.4963085075,170000 519615.2422706632))"
254,"POLYGON((170000 536935.750346352,175000 528275.4963085075,185000 528275.4963085075,190000 536935.750346352,185000 545596.0043841964,175000 545596.0043841964,170000 536935.750346352))"
255,"POLYGON((170000 554256.2584220407,175000 545596.0043841964,185000 545596.0043841964,190000 554256.2584220407,185000 562916.5124598851,175000 562916.5124598851,170000 554256.2584220407))"
256,"POLYGON((170000 571576.7664977295,175000 562916.5124598851,185000 562916.5124598851,190000 571576.7664977295,185000 580237.020535574,175000 580237.020535574,170000 571576.7664977295))"
257,"POLYGON((170000 588897.2745734183,175000 580237.020535574,185000 580237.020535574,190000 588897.2745734183,185000 597557.5286112627,175000 597557.5286112627,170000 588897.2745734183))"
258,"POLYGON((170000 606217.782649107,175000 597557.5286112627,185000 597557.5286112627,190000 606217.782649107,185000 614878.0366869514,175000 614878.0366869514,170000 606217.782649107))"
259,"POLYGON((170000 623538.2907247958,175000 614878.0366869514,185000 614878.0366869514,190000 623538.2907247958,185000 632198.5447626403,175000 632198.5447626403,170000 623538.2907247958))"
260,"POLYGON((170000 640858.7988004846,175000 632198.5447626403,185000 632198.5447626403,190000 640858.7988004846,185000 649519.052838329,175000 649519.052838329,170000 640858.7988004846))"
261,"POLYGON((185000 303108.8913245535,190000 294448.63728670916,200000 294448.63728670916,205000 303108.8913245535,200000 311769.1453623979,190000 311769.1453623979,185000 303108.8913245535))"
262,"POLYGON((185000 320429.3994002423,190000 311769.1453623979,200000 311769.1453623979,205000 320429.3994002423,200000 329089.6534380867,190000 329089.6534380867,185000 320429.3994002423))"
263,"POLYGON((185000 337749.90747593105,190000 329089.6534380867,200000 329089.6534380867,205000 337749.90747593105,200000 346410.16151377547,190000 346410.16151377547,185000 337749.90747593105))"
264,"POLYGON((185000 355070.41555161984,190000 346410.16151377547,200000 346410.16151377547,205000 355070.41555161984,200000 363730.6695894642,190000 363730.6695894642,185000 355070.41555161984))"
265,"POLYGON((185000 372390.9236273086,190000 363730.6695894642,200000 363730.6695894642,205000 372390.9236273086,200000 381051.177665153,190000 381051.177665153,185000 372390.9236273086))"
266,"POLYGON((185000 389711.43170299736,190000 381051.177665153,200000 381051.177665153,205000 389711.43170299736,200000 398371.6857408418,190000 398371.6857408418,185000 389711.43170299736))"
267,"POLYGON((185000 407031.93977868615,190000 398371.6857408418,200000 398371.6857408418,205000 407031.93977868615,200000 415692.1938165305,190000 415692.1938165305,185000 407031.93977868615))"
268,"POLYGON((185000 424352.44785437494,190000 415692.1938165305,200000 415692.1938165305,205000 424352.44785437494,200000 433012.7018922193,190000 433012.7018922193,185000 424352.44785437494))"
269,"POLYGON((185000 441672.95593006373,190000 433012.7018922193,200000 433012.7018922193,205000 441672.95593006373,200000 450333.2099679081,190000 450333.2099679081,185000 441672.95593006373))"
270,"POLYGON((185000 458993.46400575247,190000 450333.2099679081,200000 450333.2099679081,205000 458993.46400575247,200000 467653.7180435969,190000 467653.7180435969,185000 458993.46400575247))"
271,"POLYGON((185000 476313.97208144126,190000 467653.7180435969,200000 467653.7180435969,205000 476313.97208144126,200000 484974.2261192856,190000 484974.2261192856,185000 476313.97208144126))"
272,"POLYGON((185000 493634.48015713005,190000 484974.2261192856,200000 484974.2261192856,205000 493634.48015713005,200000 502294.7341949744,190000 502294.7341949744,185000 493634.48015713005))"
273,"POLYGON((185000 510954.9882328188,190000 502294.7341949744,200000 502294.7341949744,205000 510954.9882328188,200000 519615.2422706632,190000 519615.2422706632,185000 510954.9882328188))"
274,"POLYGON((185000 528275.4963085075,190000 519615.2422706632,200000 519615.2422706632,205000 528275.4963085075,200000 536935.750346352,190000 536935.750346352,185000 528275.4963085075))"
275,"POLYGON((185000 545596.0043841964,190000 536935.750346352,200000 536935.750346352,205000 545596.0043841964,200000 554256.2584220407,190000 554256.2584220407,185000 545596.0043841964))"
276,"POLYGON((185000 562916.5124598851,190000 554256.2584220407,200000 554256.2584220407,205000 562916.5124598851,200000 571576.7664977295,190000 571576.7664977295,185000 562916.5124598851))"
277,"POLYGON((185000 580237.020535574,190000 571576.7664977295,200000 571576.7664977295,205000 580237.020535574,200000 588897.2745734183,190000 588897.2745734183,185000 580237.020535574))"
278,"POLYGON((185000 597557.5286112627,190000 588897.2745734183,200000 588897.2745734183,205000 597557.5286112627,200000 606217.782649107,190000 606217.782649107,185000 597557.5286112627))"
279,"POLYGON((185000 614878.0366869514,190000 606217.782649107,200000 606217.782649107,205000 614878.0366869514,200000 623538.2907247958,190000 623538.2907247958,185000 614878.0366869514))"
280,"POLYGON((185000 632198.5447626403,190000 623538.2907247958,200000 623538.2907247958,205000 632198.5447626403,200000 640858.7988004846,190000 640858.7988004846,185000 632198.5447626403))"
281,"POLYGON((200000 311769.1453623979,205000 303108.8913245535,215000 303108.8913245535,220000 311769.1453623979,215000 320429.3994002423,205000 320429.3994002423,200000 311769.1453623979))"
282,"POLYGON((200000 329089.6534380867,205000 320429.3994002423,215000 320429.3994002423,220000 329089.6534380867,215000 337749.90747593105,205000 337749.90747593105,200000 329089.6534380867))"
283,"POLYGON((200000 346410.16151377547,205000 337749.90747593105,215000 337749.90747593105,220000 346410.16151377547,215000 355070.41555161984,205000 355070.41555161984,200000 346410.16151377547))"
284,"POLYGON((200000 363730.6695894642,205000 355070.41555161984,215000 355070.41555161984,220000 363730.6695894642,215000 372390.9236273086,205000 372390.9236273086,200000 363730.6695894642))"
285,"POLYGON((200000 381051.177665153,205000 372390.9236273086,215000 372390.9236273086,220000 381051.177665153,215000 389711.43170299736,205000 389711.43170299736,200000 381051.177665153))"
286,"POLYGON((200000 398371.6857408418,205000 389711.43170299736,215000 389711.43170299736,220000 398371.6857408418,215000 407031.93977868615,205000 407031.93977868615,200000 398371.6857408418))"
287,"POLYGON((200000 415692.1938165305,205000 407031.93977868615,215000 407031.93977868615,220000 415692.1938165305,215000 424352.44785437494,205000 424352.44785437494,200000 415692.1938165305))"
288,"POLYGON((200000 433012.7018922193,205000 424352.44785437494,215000 424352.44785437494,220000 433012.7018922193,215000 441672.95593006373,205000 441672.95593006373,200000 433012.7018922193))"
289,"POLYGON((200000 450333.2099679081,205000 441672.95593006373,215000 441672.95593006373,220000 450333.2099679081,215000 458993.46400575247,205000 458993.46400575247,200000 450333.2099679081))"
290,"POLYGON((200000 467653.7180435969,205000 458993.46400575247,215000 458993.46400575247,220000 467653.7180435969,215000 476313.97208144126,205000 476313.97208144126,200000 467653.7180435969))"
291,"POLYGON((200000 484974.2261192856,205000 476313.97208144126,215000 476313.97208144126,220000 484974.2261192856,215000 493634.48015713005,205000 493634.48015713005,200000 484974.2261192856))"
292,"POLYGON((200000 502294.7341949744,205000 493634.48015713005,215000 493634.48015713005,220000 502294.7341949744,215000 510954.9882328188,205000 510954.9882328188,200000 502294.7341949744))"
293,"POLYGON((200000 519615.2422706632,205000 510954.9882328188,215000 510954.9882328188,220000 519615.2422706632,215000 528275.4963085075,205000 528275.4963085075,200000 519615.2422706632))"
294,"POLYGON((200000 536935.750346352,205000 528275.4963085075,215000 528275.4963085075,220000 536935.750346352,215000 545596.0043841964,205000 545596.0043841964,200000 536935.750346352))"
295,"POLYGON((200000 554256.2584220407,205000 545596.0043841964,215000 545596.0043841964,220000 554256.2584220407,215000 562916.5124598851,205000 562916.5124598851,200000 554256.2584220407))"
296,"POLYGON((200000 571576.7664977295,205000 562916.5124598851,215000 562916.5124598851,220000 571576.7664977295,215000 580237.020535574,205000 580237.020535574,200000 571576.7664977295))"
297,"POLYGON((200000 588897.2745734183,205000 580237.020535574,215000 580237.020535574,220000 588897.2745734183,215000 597557.5286112627,205000 597557.5286112627,200000 588897.2745734183))"
298,"POLYGON((200000 606217.782649107,205000 597557.5286112627,215000 597557.5286112627,220000 606217.782649107,215000 614878.0366869514,205000 614878.0366869514,200000 606217.782649107))"
299,"POLYGON((200000 623538.2907247958,205000 614878.0366869514,215000 614878.0366869514,220000 623538.2907247958,215000 632198.5447626403,205000 632198.5447626403,200000 623538.2907247958))"
300,"POLYGON((200000 640858.7988004846,205000 632198.5447626403,215000 632198.5447626403,220000 640858.7988004846,215000 649519.052838329,205000 649519.052838329,200000 640858.7988004846))"
301,"POLYGON((215000 303108.8913245535,220000 294448.63728670916,230000 294448.63728670916,235000 303108.8913245535,230000 311769.1453623979,220000 311769.1453623979,215000 303108.8913245535))"
302,"POLYGON((215000 320429.3994002423,220000 311769.1453623979,230000 311769.1453623979,235000 320429.3994002423,230000 329089.6534380867,220000 329089.6534380867,215000 320429.3994002423))"
303,"POLYGON((215000 337749.90747593105,220000 329089.6534380867,230000 329089.6534380867,235000 337749.90747593105,230000 346410.16151377547,220000 346410.16151377547,215000 337749.90747593105))"
304,"POLYGON((215000 355070.41555161984,220000 346410.16151377547,230000 346410.16151377547,235000 355070.41555161984,230000 363730.6695894642,220000 363730.6695894642,215000 355070.41555161984))"
305,"POLYGON((215000 372390.9236273086,220000 363730.6695894642,230000 363730.6695894642,235000 372390.9236273086,230000 381051.177665153,220000 381051.177665153,215000 372390.9236273086))"
306,"POLYGON((215000 389711.43170299736,220000 381051.177665153,230000 381051.177665153,235000 389711.43170299736,230000 398371.6857408418,220000 398371.6857408418,215000 389711.43170299736))"
307,"POLYGON((215000 407031.93977868615,220000 398371.6857408418,230000 398371.6857408418,235000 407031.93977868615,230000 415692.1938165305,220000 415692.1938165305,215000 407031.93977868615))"
308,"POLYGON((215000 424352.44785437494,220000 415692.1938165305,230000 415692.1938165305,235000 424352.44785437494,230000 433012.7018922193,220000 433012.7018922193,215000 424352.44785437494))"
309,"POLYGON((215000 441672.95593006373,220000 433012.7018922193,230000 433012.7018922193,235000 441672.95593006373,230000 450333.2099679081,220000 450333.2099679081,215000 441672.95593006373))"
310,"POLYGON((215000 458993.46400575247,220000 450333.2099679081,230000 450333.2099679081,235000 458993.46400575247,230000 467653.7180435969,220000 467653.7180435969,215000 458993.46400575247))"
311,"POLYGON((215000 476313.97208144126,220000 467653.7180435969,230000 467653.7180435969,235000 476313.97208144126,230000 484974.2261192856,220000 484974.2261192856,215000 476313.97208144126))"
312,"POLYGON((215000 493634.48015713005,220000 484974.2261192856,230000 484974.2261192856,235000 493634.48015713005,230000 502294.7341949744,220000 502294.7341949744,215000 493634.48015713005))"
313,"POLYGON((215000 510954.9882328188,220000 502294.7341949744,230000 502294.7341949744,235000 510954.9882328188,230000 519615.2422706632,220000 519615.2422706632,215000 510954.9882328188))"
314,"POLYGON((215000 528275.4963085075,220000 519615.2422706632,230000 519615.2422706632,235000 528275.4963085075,230000 536935.750346352,220000 536935.750346352,215000 528275.4963085075))"
315,"POLYGON((215000 545596.0043841964,220000 536935.750346352,230000 536935.750346352,235000 545596.0043841964,230000 554256.2584220407,220000 554256.2584220407,215000 545596.0043841964))"
316,"POLYGON((215000 562916.5124598851,220000 554256.2584220407,230000 554256.2584220407,235000 562916.5124598851,230000 571576.7664977295,220000 571576.7664977295,215000 562916.5124598851))"
317,"POLYGON((215000 580237.020535574,220000 571576.7664977295,230000 571576.7664977295,235000 580237.020535574,230000 588897.2745734183,220000 588897.2745734183,215000 580237.020535574))"
318,"POLYGON((215000 597557.5286112627,220000 588897.2745734183,230000 588897.2745734183,235000 597557.5286112627,230000 606217.782649107,220000 606217.782649107,215000 597557.5286112627))"
319,"POLYGON((215000 614878.0366869514,220000 606217.782649107,230000 606217.782649107,235000 614878.0366869514,230000 623538.2907247958,220000 623538.2907247958,215000 614878.0366869514))"
320,"POLYGON((215000 632198.5447626403,220000 623538.2907247958,230000 623538.2907247958,235000 632198.5447626403,230000 640858.7988004846,220000 640858.7988004846,215000 632198.5447626403))"
321,"POLYGON((230000 311769.1453623979,235000 303108.8913245535,245000 303108.8913245535,250000 311769.1453623979,245000 320429.3994002423,235000 320429.3994002423,230000 311769.1453623979))"
322,"POLYGON((230000 329089.6534380867,235000 320429.3994002423,245000 320429.3994002423,250000 329089.6534380867,245000 337749.90747593105,235000 337749.90747593105,230000 329089.6534380867))"
323,"POLYGON((230000 346410.16151377547,235000 337749.90747593105,245000 337749.90747593105,250000 346410.16151377547,245000 355070.41555161984,235000 355070.41555161984,230000 346410.16151377547))"
324,"POLYGON((230000 363730.6695894642,235000 355070.41555161984,245000 355070.41555161984,250000 363730.6695894642,245000 372390.9236273086,235000 372390.9236273086,230000 363730.6695894642))"
325,"POLYGON((230000 381051.177665153,235000 372390.9236273086,245000 372390.9236273086,250000 381051.177665153,245000 389711.43170299736,235000 389711.43170299736,230000 381051.177665153))"
326,"POLYGON((230000 398371.6857408418,235000 389711.43170299736,245000 389711.43170299736,250000 398371.6857408418,245000 407031.93977868615,235000 407031.93977868615,230000 398371.6857408418))"
327,"POLYGON((230000 415692.1938165305,235000 407031.93977868615,245000 407031.93977868615,250000 415692.1938165305,245000 424352.44785437494,235000 424352.44785437494,230000 415692.1938165305))"
328,"POLYGON((230000 433012.7018922193,235000 424352.44785437494,245000 424352.44785437494,250000 433012.7018922193,245000 441672.95593006373,235000 441672.95593006373,230000 433012.7018922193))"
329,"POLYGON((230000 450333.2099679081,235000 441672.95593006373,245000 441672.95593006373,250000 450333.2099679081,245000 458993.46400575247,235000 458993.46400575247,230000 450333.2099679081))"
330,"POLYGON((230000 467653.7180435969,235000 458993.46400575247,245000 458993.46400575247,250000 467653.7180435969,245000 476313.97208144126,235000 476313.97208144126,230000 467653.7180435969))"
331,"POLYGON((230000 484974.2261192856,235000 476313.97208144126,245000 476313.97208144126,250000 484974.2261192856,245000 493634.48015713005,235000 493634.48015713005,230000 484974.2261192856))"
332,"POLYGON((230000 502294.7341949744,235000 493634.48015713005,245000 493634.48015713005,250000 502294.7341949744,245000 510954.9882328188,235000 510954.9882328188,230000 502294.7341949744))"
333,"POLYGON((230000 519615.2422706632,235000 510954.9882328188,245000 510954.9882328188,250000 519615.2422706632,245000 528275.4963085075,235000 528275.4963085075,230000 519615.2422706632))"
334,"POLYGON((230000 536935.750346352,235000 528275.4963085075,245000 528275.4963085075,250000 536935.750346352,245000 545596.0043841964,235000 545596.0043841964,230000 536935.750346352))"
335,"POLYGON((230000 554256.2584220407,235000 545596.0043841964,245000 545596.0043841964,250000 554256.2584220407,245000 562916.5124598851,235000 562916.5124598851,230000 554256.2584220407))"
336,"POLYGON((230000 571576.7664977295,235000 562916.5124598851,245000 562916.5124598851,250000 571576.7664977295,245000 580237.020535574,235000 580237.020535574,230000 571576.7664977295))"
337,"POLYGON((230000 588897.2745734183,235000 580237.020535574,245000 580237.020535574,250000 588897.2745734183,245000 597557.5286112627,235000 597557.5286112627,230000 588897.2745734183))"
338,"POLYGON((230000 606217.782649107,235000 597557.5286112627,245000 597557.5286112627,250000 606217.782649107,245000 614878.0366869514,235000 614878.0366869514,230000 606217.782649107))"
339,"POLYGON((230000 623538.2907247958,235000 614878.0366869514,245000 614878.0366869514,250000 623538.2907247958,245000 632198.5447626403,235000 632198.5447626403,230000 623538.2907247958))"
340,"POLYGON((230000 640858.7988004846,235000 632198.5447626403,245000 632198.5447626403,250000 640858.7988004846,245000 649519.052838329,235000 649519.052838329,230000 640858.7988004846))"
341,"POLYGON((245000 303108.8913245535,250000 294448.63728670916,260000 294448.63728670916,265000 303108.8913245535,260000 311769.1453623979,250000 311769.1453623979,245000 303108.8913245535))"
342,"POLYGON((245000 320429.3994002423,250000 311769.1453623979,260000 311769.1453623979,265000 320429.3994002423,260000 329089.6534380867,250000 329089.6534380867,245000 320429.3994002423))"
343,"POLYGON((245000 337749.90747593105,250000 329089.6534380867,260000 329089.6534380867,265000 337749.90747593105,260000 346410.16151377547,250000 346410.16151377547,245000 337749.90747593105))"
344,"POLYGON((245000 355070.41555161984,250000 346410.16151377547,260000 346410.16151377547,265000 355070.41555161984,260000 363730.6695894642,250000 363730.6695894642,245000 355070.41555161984))"
345,"POLYGON((245000 372390.9236273086,250000 363730.6695894642,260000 363730.6695894642,265000 372390.9236273086,260000 381051.177665153,250000 381051.177665153,245000 372390.9236273086))"
346,"POLYGON((245000 389711.43170299736,250000 381051.177665153,260000 381051.177665153,265000 389711.43170299736,260000 398371.6857408418,250000 398371.6857408418,245000 389711.43170299736))"
347,"POLYGON((245000 407031.93977868615,250000 398371.6857408418,260000 398371.6857408418,265000 407031.93977868615,260000 415692.1938165305,250000 415692.1938165305,245000 407031.93977868615))"
348,"POLYGON((245000 424352.44785437494,250000 415692.1938165305,260000 415692.1938165305,265000 424352.44785437494,260000 433012.7018922193,250000 433012.7018922193,245000 424352.44785437494))"
349,"POLYGON((245000 441672.95593006373,250000 433012.7018922193,260000 433012.7018922193,265000 441672.95593006373,260000 450333.2099679081,250000 450333.2099679081,245000 441672.95593006373))"
350,"POLYGON((245000 458993.46400575247,250000 450333.2099679081,260000 450333.2099679081,265000 458993.46400575247,260000 467653.7180435969,250000 467653.7180435969,245000 458993.46400575247))"
351,"POLYGON((245000 476313.97208144126,250000 467653.7180435969,260000 467653.7180435969,265000 476313.97208144126,260000 484974.2261192856,250000 484974.2261192856,245000 476313.97208144126))"
352,"POLYGON((245000 493634.48015713005,250000 484974.2261192856,260000 484974.2261192856,265000 493634.48015713005,260000 502294.7341949744,250000 502294.7341949744,245000 493634.48015713005))"
353,"POLYGON((245000 510954.9882328188,250000 502294.7341949744,260000 502294.7341949744,265000 510954.9882328188,260000 519615.2422706632,250000 519615.2422706632,245000 510954.9882328188))"
354,"POLYGON((245000 528275.4963085075,250000 519615.2422706632,260000 519615.2422706632,265000 528275.4963085075,260000 536935.750346352,250000 536935.750346352,245000 528275.4963085075))"
355,"POLYGON((245000 545596.0043841964,250000 536935.750346352,260000 536935.750346352,265000 545596.0043841964,260000 554256.2584220407,250000 554256.2584220407,245000 545596.0043841964))"
356,"POLYGON((245000 562916.5124598851,250000 554256.2584220407,260000 554256.2584220407,265000 562916.5124598851,260000 571576.7664977295,250000 571576.7664977295,245000 562916.5124598851))"
357,"POLYGON((245000 580237.020535574,250000 571576.7664977295,260000 571576.7664977295,265000 580237.020535574,260000 588897.2745734183,250000 588897.2745734183,245000 580237.020535574))"
358,"POLYGON((245000 597557.5286112627,250000 588897.2745734183,260000 588897.2745734183,265000 597557.5286112627,260000 606217.782649107,250000 606217.782649107,245000 597557.5286112627))"
359,"POLYGON((245000 614878.0366869514,250000 606217.782649107,260000 606217.782649107,265000 614878.0366869514,260000 623538.2907247958,250000 623538.2907247958,245000 614878.0366869514))"
360,"POLYGON((245000 632198.5447626403,250000 623538.2907247958,260000 623538.2907247958,265000 632198.5447626403,260000 640858.7988004846,250000 640858.7988004846,245000 632198.5447626403))"
361,"POLYGON((260000 311769.1453623979,265000 303108.8913245535,275000 303108.8913245535,280000 311769.1453623979,275000 320429.3994002423,265000 320429.3994002423,260000 311769.1453623979))"
362,"POLYGON((260000 329089.6534380867,265000 320429.3994002423,275000 320429.3994002423,280000 329089.6534380867,275000 337749.90747593105,265000 337749.90747593105,260000 329089.6534380867))"
363,"POLYGON((260000 346410.16151377547,265000 337749.90747593105,275000 337749.90747593105,280000 346410.16151377547,275000 355070.41555161984,265000 355070.41555161984,260000 346410.16151377547))"
364,"POLYGON((260000 363730.6695894642,265000 355070.41555161984,275000 355070.41555161984,280000 363730.6695894642,275000 372390.9236273086,265000 372390.9236273086,260000 363730.6695894642))"
365,"POLYGON((260000 381051.177665153,265000 372390.9236273086,275000 372390.9236273086,280000 381051.177665153,275000 389711.43170299736,265000 389711.43170299736,260000 381051.177665153))"
366,"POLYGON((260000 398371.6857408418,265000 389711.43170299736,275000 389711.43170299736,280000 398371.6857408418,275000 407031.93977868615,265000 407031.93977868615,260000 398371.6857408418))"
367,"POLYGON((260000 415692.1938165305,265000 407031.93977868615,275000 407031.93977868615,280000 415692.1938165305,275000 424352.44785437494,265000 424352.44785437494,260000 415692.1938165305))"
368,"POLYGON((260000 433012.7018922193,265000 424352.44785437494,275000 424352.44785437494,280000 433012.7018922193,275000 441672.95593006373,265000 441672.95593006373,260000 433012.7018922193))"
369,"POLYGON((260000 450333.2099679081,265000 441672.95593006373,275000 441672.95593006373,280000 450333.2099679081,275000 458993.46400575247,265000 458993.46400575247,260000 450333.2099679081))"
370,"POLYGON((260000 467653.7180435969,265000 458993.46400575247,275000 458993.46400575247,280000 467653.7180435969,275000 476313.97208144126,265000 476313.97208144126,260000 467653.7180435969))"
371,"POLYGON((260000 484974.2261192856,265000 476313.97208144126,275000 476313.97208144126,280000 484974.2261192856,275000 493634.48015713005,265000 493634.48015713005,260000 484974.2261192856))"
372,"POLYGON((260000 502294.7341949744,265000 493634.48015713005,275000 493634.48015713005,280000 502294.7341949744,275000 510954.9882328188,265000 510954.9882328188,260000 502294.7341949744))"
373,"POLYGON((260000 519615.2422706632,265000 510954.9882328188,275000 510954.9882328188,280000 519615.2422706632,275000 528275.4963085075,265000 528275.4963085075,260000 519615.2422706632))"
374,"POLYGON((260000 536935.750346352,265000 528275.4963085075,275000 528275.4963085075,280000 536935.750346352,275000 545596.0043841964,265000 545596.0043841964,260000 536935.750346352))"
375,"POLYGON((260000 554256.2584220407,265000 545596.0043841964,275000 545596.0043841964,280000 554256.2584220407,275000 562916.5124598851,265000 562916.5124598851,260000 554256.2584220407))"
376,"POLYGON((260000 571576.7664977295,265000 562916.5124598851,275000 562916.5124598851,280000 571576.7664977295,275000 580237.020535574,265000 580237.020535574,260000 571576.7664977295))"
377,"POLYGON((260000 588897.2745734183,265000 580237.020535574,275000 580237.020535574,280000 588897.2745734183,275000 597557.5286112627,265000 597557.5286112627,260000 588897.2745734183))"
378,"POLYGON((260000 606217.782649107,265000 597557.5286112627,275000 597557.5286112627,280000 606217.782649107,275000 614878.0366869514,265000 614878.0366869514,260000 606217.782649107))"
379,"POLYGON((260000 623538.2907247958,265000 614878.0366869514,275000 614878.0366869514,280000 623538.2907247958,275000 632198.5447626403,265000 632198.5447626403,260000 623538.2907247958))"
380,"POLYGON((260000 640858.7988004846,265000 632198.5447626403,275000 632198.5447626403,280000 640858.7988004846,275000 649519.052838329,265000 649519.052838329,260000 640858.7988004846))"
381,"POLYGON((275000 303108.8913245535,280000 294448.63728670916,290000 294448.63728670916,295000 303108.8913245535,290000 311769.1453623979,280000 311769.1453623979,275000 303108.8913245535))"
382,"POLYGON((275000 320429.3994002423,280000 311769.1453623979,290000 311769.1453623979,295000 320429.3994002423,290000 329089.6534380867,280000 329089.6534380867,275000 320429.3994002423))"
383,"POLYGON((275000 337749.90747593105,280000 329089.6534380867,290000 329089.6534380867,295000 337749.90747593105,290000 346410.16151377547,280000 346410.16151377547,275000 337749.90747593105))"
384,"POLYGON((275000 355070.41555161984,280000 346410.16151377547,290000 346410.16151377547,295000 355070.41555161984,290000 363730.6695894642,280000 363730.6695894642,275000 355070.41555161984))"
385,"POLYGON((275000 372390.9236273086,280000 363730.6695894642,290000 363730.6695894642,295000 372390.9236273086,290000 381051.177665153,280000 381051.177665153,275000 372390.9236273086))"
386,"POLYGON((275000 389711.43170299736,280000 381051.177665153,290000 381051.177665153,295000 389711.43170299736,290000 398371.6857408418,280000 398371.6857408418,275000 389711.43170299736))"
387,"POLYGON((275000 407031.93977868615,280000 398371.6857408418,290000 398371.6857408418,295000 407031.93977868615,290000 415692.1938165305,280000 415692.1938165305,275000 407031.93977868615))"
388,"POLYGON((275000 424352.44785437494,280000 415692.1938165305,290000 415692.1938165305,295000 424352.44785437494,290000 433012.7018922193,280000 433012.7018922193,275000 424352.44785437494))"
389,"POLYGON((275000 441672.95593006373,280000 433012.7018922193,290000 433012.7018922193,295000 441672.95593006373,290000 450333.2099679081,280000 450333.2099679081,275000 441672.95593006373))"
390,"POLYGON((275000 458993.46400575247,280000 450333.2099679081,290000 450333.2099679081,295000 458993.46400575247,290000 467653.7180435969,280000 467653.7180435969,275000 458993.46400575247))"
391,"POLYGON((275000 476313.97208144126,280000 467653.7180435969,290000 467653.7180435969,295000 476313.97208144126,290000 484974.2261192856,280000 484974.2261192856,275000 476313.97208144126))"
392,"POLYGON((275000 493634.48015713005,280000 484974.2261192856,290000 484974.2261192856,295000 493634.48015713005,290000 502294.7341949744,280000 502294.7341949744,275000 493634.48015713005))"
393,"POLYGON((275000 510954.9882328188,280000 502294.7341949744,290000 502294.7341949744,295000 510954.9882328188,290000 519615.2422706632,280000 519615.2422706632,275000 510954.9882328188))"
394,"POLYGON((275000 528275.4963085075,280000 519615.2422706632,290000 519615.2422706632,295000 528275.4963085075,290000 536935.750346352,280000 536935.750346352,275000 528275.4963085075))"
395,"POLYGON((275000 545596.0043841964,280000 536935.750346352,290000 536935.750346352,295000 545596.0043841964,290000 554256.2584220407,280000 554256.2584220407,275000 545596.0043841964))"
396,"POLYGON((275000 562916.5124598851,280000 554256.2584220407,290000 554256.2584220407,295000 562916.5124598851,290000 571576.7664977295,280000 571576.7664977295,275000 562916.5124598851))"
397,"POLYGON((275000 580237.020535574,280000 571576.7664977295,290000 571576.7664977295,295000 580237.020535574,290000 588897.2745734183,280000 588897.2745734183,275000 580237.020535574))"
398,"POLYGON((275000 597557.5286112627,280000 588897.2745734183,290000 588897.2745734183,295000 597557.5286112627,290000 606217.782649107,280000 606217.782649107,275000 597557.5286112627))"
399,"POLYGON((275000 614878.0366869514,280000 606217.782649107,290000 606217.782649107,295000 614878.0366869514,290000 623538.2907247958,280000 623538.2907247958,275000 614878.0366869514))"
400,"POLYGON((275000 632198.5447626403,280000 623538.2907247958,290000 623538.2907247958,295000 632198.5447626403,290000 640858.7988004846,280000 640858.7988004846,275000 632198.5447626403))"
